,1,1l,1r,1s,2,2l,2r,2s,3,3l,3r,3s,4,4l,4r,4s,id
0,3,1,1,1,3,1,1,1,3,1,1,1,3,1,1,1,rsl_rsl_rsl_rsl
1,3,1,1,1,3,1,1,1,3,1,1,1,4,1,1,2,rsl_rsl_rsl_rssl
2,3,1,1,1,3,1,1,1,3,1,1,1,5,1,1,3,rsl_rsl_rsl_rsssl
3,3,1,1,1,3,1,1,1,3,1,1,1,6,2,2,2,rsl_rsl_rsl_rrssll
4,3,1,1,1,3,1,1,1,3,1,1,1,7,1,2,4,rsl_rsl_rsl_rrssssl
5,3,1,1,1,3,1,1,1,4,1,1,2,3,1,1,1,rsl_rsl_rssl_rsl
6,3,1,1,1,3,1,1,1,4,1,1,2,4,1,2,1,rsl_rsl_rssl_rrsl
7,3,1,1,1,3,1,1,1,4,1,1,2,5,1,2,2,rsl_rsl_rssl_rrssl
8,3,1,1,1,3,1,1,1,4,1,2,1,6,3,1,2,rsl_rsl_rrsl_rsslll
9,3,1,1,1,3,1,1,1,4,1,2,1,7,1,2,4,rsl_rsl_rrsl_rrssssl
10,3,1,1,1,3,1,1,1,5,1,1,3,3,1,1,1,rsl_rsl_rsssl_rsl
11,3,1,1,1,3,1,1,1,5,2,1,2,4,1,2,1,rsl_rsl_rssll_rrsl
12,3,1,1,1,3,1,1,1,5,2,1,2,5,1,2,2,rsl_rsl_rssll_rrssl
13,3,1,1,1,3,1,1,1,5,3,1,1,6,1,1,4,rsl_rsl_rslll_rssssl
14,3,1,1,1,3,1,1,1,5,1,1,3,7,2,2,3,rsl_rsl_rsssl_rrsssll
15,3,1,1,1,3,1,1,1,6,2,2,2,3,1,1,1,rsl_rsl_rrssll_rsl
16,3,1,1,1,3,1,1,1,6,3,2,1,4,2,1,1,rsl_rsl_rrslll_rsll
17,3,1,1,1,3,1,1,1,6,2,2,2,5,2,1,2,rsl_rsl_rrssll_rssll
18,3,1,1,1,3,1,1,1,6,2,1,3,6,2,1,3,rsl_rsl_rsssll_rsssll
19,3,1,1,1,3,1,1,1,6,3,2,1,7,3,1,3,rsl_rsl_rrslll_rssslll
20,3,1,1,1,3,1,1,1,7,2,1,4,3,1,1,1,rsl_rsl_rssssll_rsl
21,3,1,1,1,3,1,1,1,7,1,2,4,4,1,2,1,rsl_rsl_rrssssl_rrsl
22,3,1,1,1,3,1,1,1,7,2,1,4,5,1,2,2,rsl_rsl_rssssll_rrssl
23,3,1,1,1,3,1,1,1,7,3,2,2,6,3,2,1,rsl_rsl_rrsslll_rrslll
24,3,1,1,1,3,1,1,1,7,1,1,5,7,2,2,3,rsl_rsl_rsssssl_rrsssll
25,3,1,1,1,4,1,1,2,3,1,1,1,3,1,1,1,rsl_rssl_rsl_rsl
26,3,1,1,1,4,2,1,1,3,1,1,1,4,2,1,1,rsl_rsll_rsl_rsll
27,3,1,1,1,4,1,1,2,3,1,1,1,5,1,1,3,rsl_rssl_rsl_rsssl
28,3,1,1,1,4,2,1,1,3,1,1,1,6,2,1,3,rsl_rsll_rsl_rsssll
29,3,1,1,1,4,2,1,1,3,1,1,1,7,3,1,3,rsl_rsll_rsl_rssslll
30,3,1,1,1,4,1,2,1,4,2,1,1,3,1,1,1,rsl_rrsl_rsll_rsl
31,3,1,1,1,4,2,1,1,4,1,1,2,4,2,1,1,rsl_rsll_rssl_rsll
32,3,1,1,1,4,1,2,1,4,2,1,1,5,2,1,2,rsl_rrsl_rsll_rssll
33,3,1,1,1,4,1,2,1,4,2,1,1,6,3,2,1,rsl_rrsl_rsll_rrslll
34,3,1,1,1,4,1,2,1,4,2,1,1,7,1,2,4,rsl_rrsl_rsll_rrssssl
35,3,1,1,1,4,1,2,1,5,2,2,1,3,1,1,1,rsl_rrsl_rrsll_rsl
36,3,1,1,1,4,2,1,1,5,2,1,2,4,2,1,1,rsl_rsll_rssll_rsll
37,3,1,1,1,4,1,1,2,5,2,2,1,5,2,1,2,rsl_rssl_rrsll_rssll
38,3,1,1,1,4,1,2,1,5,2,2,1,6,3,1,2,rsl_rrsl_rrsll_rsslll
39,3,1,1,1,4,1,2,1,5,2,2,1,7,2,1,4,rsl_rrsl_rrsll_rssssll
40,3,1,1,1,4,1,1,2,6,1,2,3,3,1,1,1,rsl_rssl_rrsssl_rsl
41,3,1,1,1,4,1,2,1,6,1,2,3,4,2,1,1,rsl_rrsl_rrsssl_rsll
42,3,1,1,1,4,1,2,1,6,2,1,3,5,2,1,2,rsl_rrsl_rsssll_rssll
43,3,1,1,1,4,1,2,1,6,1,1,4,6,3,1,2,rsl_rrsl_rssssl_rsslll
44,3,1,1,1,4,1,2,1,6,2,1,3,7,3,1,3,rsl_rrsl_rsssll_rssslll
45,3,1,1,1,4,1,2,1,7,3,2,2,3,1,1,1,rsl_rrsl_rrsslll_rsl
46,3,1,1,1,4,1,1,2,7,1,2,4,4,1,1,2,rsl_rssl_rrssssl_rssl
47,3,1,1,1,4,1,2,1,7,1,2,4,5,3,1,1,rsl_rrsl_rrssssl_rslll
48,3,1,1,1,4,1,2,1,7,3,1,3,6,1,1,4,rsl_rrsl_rssslll_rssssl
49,3,1,1,1,4,1,2,1,7,1,1,5,7,2,1,4,rsl_rrsl_rsssssl_rssssll
50,3,1,1,1,5,2,2,1,3,1,1,1,3,1,1,1,rsl_rrsll_rsl_rsl
51,3,1,1,1,5,1,2,2,3,1,1,1,4,1,2,1,rsl_rrssl_rsl_rrsl
52,3,1,1,1,5,2,2,1,3,1,1,1,5,3,1,1,rsl_rrsll_rsl_rslll
53,3,1,1,1,5,1,2,2,3,1,1,1,6,1,2,3,rsl_rrssl_rsl_rrsssl
54,3,1,1,1,5,2,1,2,3,1,1,1,7,2,1,4,rsl_rssll_rsl_rssssll
55,3,1,1,1,5,2,2,1,4,1,2,1,3,1,1,1,rsl_rrsll_rrsl_rsl
56,3,1,1,1,5,2,2,1,4,1,2,1,4,1,2,1,rsl_rrsll_rrsl_rrsl
57,3,1,1,1,5,3,1,1,4,2,1,1,5,2,2,1,rsl_rslll_rsll_rrsll
58,3,1,1,1,5,1,1,3,4,1,2,1,6,2,1,3,rsl_rsssl_rrsl_rsssll
59,3,1,1,1,5,1,2,2,4,1,1,2,7,2,2,3,rsl_rrssl_rssl_rrsssll
60,3,1,1,1,5,3,1,1,5,2,2,1,3,1,1,1,rsl_rslll_rrsll_rsl
61,3,1,1,1,5,2,2,1,5,3,1,1,4,1,1,2,rsl_rrsll_rslll_rssl
62,3,1,1,1,5,1,2,2,5,3,1,1,5,2,1,2,rsl_rrssl_rslll_rssll
63,3,1,1,1,5,2,2,1,5,2,2,1,6,1,1,4,rsl_rrsll_rrsll_rssssl
64,3,1,1,1,5,2,1,2,5,3,1,1,7,1,2,4,rsl_rssll_rslll_rrssssl
65,3,1,1,1,5,1,2,2,6,2,2,2,3,1,1,1,rsl_rrssl_rrssll_rsl
66,3,1,1,1,5,3,1,1,6,2,2,2,4,1,2,1,rsl_rslll_rrssll_rrsl
67,3,1,1,1,5,1,1,3,6,1,1,4,5,2,1,2,rsl_rsssl_rssssl_rssll
68,3,1,1,1,5,2,2,1,6,3,2,1,6,1,2,3,rsl_rrsll_rrslll_rrsssl
69,3,1,1,1,5,3,1,1,6,1,1,4,7,3,2,2,rsl_rslll_rssssl_rrsslll
70,3,1,1,1,5,1,1,3,7,2,1,4,3,1,1,1,rsl_rsssl_rssssll_rsl
71,3,1,1,1,5,2,1,2,7,1,1,5,4,2,1,1,rsl_rssll_rsssssl_rsll
72,3,1,1,1,5,3,1,1,7,2,1,4,5,1,1,3,rsl_rslll_rssssll_rsssl
73,3,1,1,1,5,1,1,3,7,2,2,3,6,3,1,2,rsl_rsssl_rrsssll_rsslll
74,3,1,1,1,5,2,2,1,7,1,2,4,7,3,2,2,rsl_rrsll_rrssssl_rrsslll
75,3,1,1,1,6,2,2,2,3,1,1,1,3,1,1,1,rsl_rrssll_rsl_rsl
76,3,1,1,1,6,2,2,2,3,1,1,1,4,2,1,1,rsl_rrssll_rsl_rsll
77,3,1,1,1,6,2,1,3,3,1,1,1,5,1,1,3,rsl_rsssll_rsl_rsssl
78,3,1,1,1,6,1,1,4,3,1,1,1,6,1,1,4,rsl_rssssl_rsl_rssssl
79,3,1,1,1,6,3,1,2,3,1,1,1,7,2,1,4,rsl_rsslll_rsl_rssssll
80,3,1,1,1,6,2,2,2,4,1,1,2,3,1,1,1,rsl_rrssll_rssl_rsl
81,3,1,1,1,6,2,2,2,4,2,1,1,4,1,1,2,rsl_rrssll_rsll_rssl
82,3,1,1,1,6,3,2,1,4,1,2,1,5,2,1,2,rsl_rrslll_rrsl_rssll
83,3,1,1,1,6,1,1,4,4,2,1,1,6,2,2,2,rsl_rssssl_rsll_rrssll
84,3,1,1,1,6,1,1,4,4,1,1,2,7,1,1,5,rsl_rssssl_rssl_rsssssl
85,3,1,1,1,6,3,2,1,5,3,1,1,3,1,1,1,rsl_rrslll_rslll_rsl
86,3,1,1,1,6,3,2,1,5,1,1,3,4,1,1,2,rsl_rrslll_rsssl_rssl
87,3,1,1,1,6,3,2,1,5,3,1,1,5,2,2,1,rsl_rrslll_rslll_rrsll
88,3,1,1,1,6,3,1,2,5,1,1,3,6,1,1,4,rsl_rsslll_rsssl_rssssl
89,3,1,1,1,6,2,1,3,5,1,2,2,7,3,2,2,rsl_rsssll_rrssl_rrsslll
90,3,1,1,1,6,3,1,2,6,3,1,2,3,1,1,1,rsl_rsslll_rsslll_rsl
91,3,1,1,1,6,3,1,2,6,3,2,1,4,2,1,1,rsl_rsslll_rrslll_rsll
92,3,1,1,1,6,3,2,1,6,2,2,2,5,1,2,2,rsl_rrslll_rrssll_rrssl
93,3,1,1,1,6,3,2,1,6,3,2,1,6,2,2,2,rsl_rrslll_rrslll_rrssll
94,3,1,1,1,6,3,2,1,6,3,1,2,7,1,1,5,rsl_rrslll_rsslll_rsssssl
95,3,1,1,1,6,1,1,4,7,2,2,3,3,1,1,1,rsl_rssssl_rrsssll_rsl
96,3,1,1,1,6,2,1,3,7,1,1,5,4,2,1,1,rsl_rsssll_rsssssl_rsll
97,3,1,1,1,6,1,2,3,7,3,1,3,5,1,2,2,rsl_rrsssl_rssslll_rrssl
98,3,1,1,1,6,1,2,3,7,2,1,4,6,3,1,2,rsl_rrsssl_rssssll_rsslll
99,3,1,1,1,6,3,2,1,7,1,1,5,7,2,1,4,rsl_rrslll_rsssssl_rssssll
100,3,1,1,1,7,2,1,4,3,1,1,1,3,1,1,1,rsl_rssssll_rsl_rsl
101,3,1,1,1,7,3,2,2,3,1,1,1,4,1,1,2,rsl_rrsslll_rsl_rssl
102,3,1,1,1,7,3,1,3,3,1,1,1,5,2,1,2,rsl_rssslll_rsl_rssll
103,3,1,1,1,7,1,2,4,3,1,1,1,6,2,2,2,rsl_rrssssl_rsl_rrssll
104,3,1,1,1,7,1,2,4,3,1,1,1,7,3,2,2,rsl_rrssssl_rsl_rrsslll
105,3,1,1,1,7,1,2,4,4,1,2,1,3,1,1,1,rsl_rrssssl_rrsl_rsl
106,3,1,1,1,7,3,1,3,4,1,1,2,4,1,2,1,rsl_rssslll_rssl_rrsl
107,3,1,1,1,7,1,1,5,4,2,1,1,5,1,2,2,rsl_rsssssl_rsll_rrssl
108,3,1,1,1,7,1,1,5,4,1,2,1,6,2,1,3,rsl_rsssssl_rrsl_rsssll
109,3,1,1,1,7,2,2,3,4,1,1,2,7,1,2,4,rsl_rrsssll_rssl_rrssssl
110,3,1,1,1,7,3,1,3,5,3,1,1,3,1,1,1,rsl_rssslll_rslll_rsl
111,3,1,1,1,7,2,1,4,5,2,1,2,4,2,1,1,rsl_rssssll_rssll_rsll
112,3,1,1,1,7,3,1,3,5,2,2,1,5,1,1,3,rsl_rssslll_rrsll_rsssl
113,3,1,1,1,7,2,1,4,5,2,2,1,6,1,1,4,rsl_rssssll_rrsll_rssssl
114,3,1,1,1,7,2,2,3,5,1,2,2,7,3,1,3,rsl_rrsssll_rrssl_rssslll
115,3,1,1,1,7,1,2,4,6,2,2,2,3,1,1,1,rsl_rrssssl_rrssll_rsl
116,3,1,1,1,7,2,1,4,6,1,1,4,4,1,2,1,rsl_rssssll_rssssl_rrsl
117,3,1,1,1,7,3,2,2,6,3,2,1,5,1,2,2,rsl_rrsslll_rrslll_rrssl
118,3,1,1,1,7,3,1,3,6,1,2,3,6,3,1,2,rsl_rssslll_rrsssl_rsslll
119,3,1,1,1,7,1,1,5,6,2,2,2,7,2,2,3,rsl_rsssssl_rrssll_rrsssll
120,3,1,1,1,7,1,1,5,7,3,1,3,3,1,1,1,rsl_rsssssl_rssslll_rsl
121,3,1,1,1,7,1,1,5,7,3,2,2,4,1,1,2,rsl_rsssssl_rrsslll_rssl
122,3,1,1,1,7,3,1,3,7,2,1,4,5,2,1,2,rsl_rssslll_rssssll_rssll
123,3,1,1,1,7,1,1,5,7,1,2,4,6,1,1,4,rsl_rsssssl_rrssssl_rssssl
124,3,1,1,1,7,3,1,3,7,3,2,2,7,3,2,2,rsl_rssslll_rrsslll_rrsslll
125,4,2,1,1,3,1,1,1,3,1,1,1,3,1,1,1,rsll_rsl_rsl_rsl
126,4,1,1,2,3,1,1,1,3,1,1,1,4,1,2,1,rssl_rsl_rsl_rrsl
127,4,1,1,2,3,1,1,1,3,1,1,1,5,3,1,1,rssl_rsl_rsl_rslll
128,4,2,1,1,3,1,1,1,3,1,1,1,6,3,1,2,rsll_rsl_rsl_rsslll
129,4,2,1,1,3,1,1,1,3,1,1,1,7,3,1,3,rsll_rsl_rsl_rssslll
130,4,1,2,1,3,1,1,1,4,2,1,1,3,1,1,1,rrsl_rsl_rsll_rsl
131,4,1,1,2,3,1,1,1,4,2,1,1,4,1,2,1,rssl_rsl_rsll_rrsl
132,4,1,2,1,3,1,1,1,4,1,2,1,5,1,1,3,rrsl_rsl_rrsl_rsssl
133,4,1,2,1,3,1,1,1,4,1,2,1,6,1,2,3,rrsl_rsl_rrsl_rrsssl
134,4,1,2,1,3,1,1,1,4,2,1,1,7,3,2,2,rrsl_rsl_rsll_rrsslll
135,4,1,1,2,3,1,1,1,5,1,2,2,3,1,1,1,rssl_rsl_rrssl_rsl
136,4,2,1,1,3,1,1,1,5,2,2,1,4,1,1,2,rsll_rsl_rrsll_rssl
137,4,2,1,1,3,1,1,1,5,1,1,3,5,3,1,1,rsll_rsl_rsssl_rslll
138,4,2,1,1,3,1,1,1,5,2,2,1,6,1,1,4,rsll_rsl_rrsll_rssssl
139,4,2,1,1,3,1,1,1,5,2,1,2,7,3,1,3,rsll_rsl_rssll_rssslll
140,4,1,2,1,3,1,1,1,6,2,2,2,3,1,1,1,rrsl_rsl_rrssll_rsl
141,4,2,1,1,3,1,1,1,6,3,2,1,4,1,2,1,rsll_rsl_rrslll_rrsl
142,4,1,1,2,3,1,1,1,6,3,1,2,5,2,2,1,rssl_rsl_rsslll_rrsll
143,4,2,1,1,3,1,1,1,6,3,2,1,6,2,1,3,rsll_rsl_rrslll_rsssll
144,4,1,2,1,3,1,1,1,6,3,2,1,7,3,2,2,rrsl_rsl_rrslll_rrsslll
145,4,1,2,1,3,1,1,1,7,3,1,3,3,1,1,1,rrsl_rsl_rssslll_rsl
146,4,1,1,2,3,1,1,1,7,3,1,3,4,1,1,2,rssl_rsl_rssslll_rssl
147,4,2,1,1,3,1,1,1,7,1,1,5,5,3,1,1,rsll_rsl_rsssssl_rslll
148,4,1,1,2,3,1,1,1,7,2,1,4,6,3,1,2,rssl_rsl_rssssll_rsslll
149,4,2,1,1,3,1,1,1,7,3,1,3,7,2,2,3,rsll_rsl_rssslll_rrsssll
150,4,2,1,1,4,2,1,1,3,1,1,1,3,1,1,1,rsll_rsll_rsl_rsl
151,4,1,2,1,4,1,2,1,3,1,1,1,4,1,2,1,rrsl_rrsl_rsl_rrsl
152,4,2,1,1,4,1,1,2,3,1,1,1,5,3,1,1,rsll_rssl_rsl_rslll
153,4,1,2,1,4,2,1,1,3,1,1,1,6,2,1,3,rrsl_rsll_rsl_rsssll
154,4,1,1,2,4,2,1,1,3,1,1,1,7,1,1,5,rssl_rsll_rsl_rsssssl
155,4,1,2,1,4,1,1,2,4,2,1,1,3,1,1,1,rrsl_rssl_rsll_rsl
156,4,2,1,1,4,1,1,2,4,1,1,2,4,1,1,2,rsll_rssl_rssl_rssl
157,4,1,1,2,4,1,1,2,4,1,2,1,5,1,1,3,rssl_rssl_rrsl_rsssl
158,4,2,1,1,4,1,2,1,4,2,1,1,6,3,1,2,rsll_rrsl_rsll_rsslll
159,4,1,2,1,4,1,2,1,4,1,1,2,7,2,1,4,rrsl_rrsl_rssl_rssssll
160,4,1,1,2,4,2,1,1,5,2,1,2,3,1,1,1,rssl_rsll_rssll_rsl
161,4,1,1,2,4,1,2,1,5,2,1,2,4,2,1,1,rssl_rrsl_rssll_rsll
162,4,2,1,1,4,1,1,2,5,1,1,3,5,2,2,1,rsll_rssl_rsssl_rrsll
163,4,1,2,1,4,2,1,1,5,2,1,2,6,2,2,2,rrsl_rsll_rssll_rrssll
164,4,2,1,1,4,1,1,2,5,3,1,1,7,1,2,4,rsll_rssl_rslll_rrssssl
165,4,2,1,1,4,2,1,1,6,3,2,1,3,1,1,1,rsll_rsll_rrslll_rsl
166,4,1,2,1,4,1,1,2,6,1,2,3,4,2,1,1,rrsl_rssl_rrsssl_rsll
167,4,1,2,1,4,1,1,2,6,1,1,4,5,1,1,3,rrsl_rssl_rssssl_rsssl
168,4,2,1,1,4,2,1,1,6,3,2,1,6,1,2,3,rsll_rsll_rrslll_rrsssl
169,4,1,1,2,4,1,2,1,6,2,2,2,7,3,1,3,rssl_rrsl_rrssll_rssslll
170,4,1,1,2,4,1,1,2,7,3,1,3,3,1,1,1,rssl_rssl_rssslll_rsl
171,4,1,2,1,4,1,1,2,7,3,2,2,4,2,1,1,rrsl_rssl_rrsslll_rsll
172,4,1,1,2,4,1,1,2,7,3,2,2,5,3,1,1,rssl_rssl_rrsslll_rslll
173,4,2,1,1,4,2,1,1,7,1,1,5,6,3,1,2,rsll_rsll_rsssssl_rsslll
174,4,1,2,1,4,1,2,1,7,1,2,4,7,2,1,4,rrsl_rrsl_rrssssl_rssssll
175,4,1,2,1,5,2,2,1,3,1,1,1,3,1,1,1,rrsl_rrsll_rsl_rsl
176,4,1,1,2,5,2,2,1,3,1,1,1,4,2,1,1,rssl_rrsll_rsl_rsll
177,4,1,1,2,5,1,1,3,3,1,1,1,5,1,1,3,rssl_rsssl_rsl_rsssl
178,4,1,1,2,5,3,1,1,3,1,1,1,6,2,1,3,rssl_rslll_rsl_rsssll
179,4,1,1,2,5,3,1,1,3,1,1,1,7,2,2,3,rssl_rslll_rsl_rrsssll
180,4,1,1,2,5,3,1,1,4,2,1,1,3,1,1,1,rssl_rslll_rsll_rsl
181,4,2,1,1,5,1,1,3,4,1,2,1,4,1,2,1,rsll_rsssl_rrsl_rrsl
182,4,2,1,1,5,2,2,1,4,1,2,1,5,2,2,1,rsll_rrsll_rrsl_rrsll
183,4,2,1,1,5,2,2,1,4,2,1,1,6,2,2,2,rsll_rrsll_rsll_rrssll
184,4,1,1,2,5,1,1,3,4,1,2,1,7,3,1,3,rssl_rsssl_rrsl_rssslll
185,4,2,1,1,5,1,1,3,5,3,1,1,3,1,1,1,rsll_rsssl_rslll_rsl
186,4,1,1,2,5,2,2,1,5,1,2,2,4,1,2,1,rssl_rrsll_rrssl_rrsl
187,4,1,2,1,5,2,2,1,5,2,2,1,5,3,1,1,rrsl_rrsll_rrsll_rslll
188,4,1,2,1,5,1,1,3,5,1,1,3,6,1,1,4,rrsl_rsssl_rsssl_rssssl
189,4,1,2,1,5,2,1,2,5,1,2,2,7,3,1,3,rrsl_rssll_rrssl_rssslll
190,4,2,1,1,5,3,1,1,6,1,1,4,3,1,1,1,rsll_rslll_rssssl_rsl
191,4,1,2,1,5,1,1,3,6,3,1,2,4,1,2,1,rrsl_rsssl_rsslll_rrsl
192,4,2,1,1,5,2,1,2,6,3,1,2,5,2,2,1,rsll_rssll_rsslll_rrsll
193,4,1,1,2,5,1,1,3,6,2,2,2,6,2,1,3,rssl_rsssl_rrssll_rsssll
194,4,1,2,1,5,1,2,2,6,1,2,3,7,2,1,4,rrsl_rrssl_rrsssl_rssssll
195,4,1,2,1,5,3,1,1,7,3,2,2,3,1,1,1,rrsl_rslll_rrsslll_rsl
196,4,1,2,1,5,1,1,3,7,1,1,5,4,1,1,2,rrsl_rsssl_rsssssl_rssl
197,4,1,1,2,5,1,2,2,7,1,2,4,5,2,1,2,rssl_rrssl_rrssssl_rssll
198,4,2,1,1,5,3,1,1,7,1,2,4,6,3,1,2,rsll_rslll_rrssssl_rsslll
199,4,1,1,2,5,2,2,1,7,2,2,3,7,3,2,2,rssl_rrsll_rrsssll_rrsslll
200,4,2,1,1,6,2,2,2,3,1,1,1,3,1,1,1,rsll_rrssll_rsl_rsl
201,4,1,2,1,6,3,2,1,3,1,1,1,4,2,1,1,rrsl_rrslll_rsl_rsll
202,4,1,1,2,6,3,2,1,3,1,1,1,5,2,2,1,rssl_rrslll_rsl_rrsll
203,4,1,2,1,6,3,1,2,3,1,1,1,6,1,1,4,rrsl_rsslll_rsl_rssssl
204,4,2,1,1,6,1,2,3,3,1,1,1,7,3,1,3,rsll_rrsssl_rsl_rssslll
205,4,1,2,1,6,2,1,3,4,2,1,1,3,1,1,1,rrsl_rsssll_rsll_rsl
206,4,1,1,2,6,3,2,1,4,2,1,1,4,1,2,1,rssl_rrslll_rsll_rrsl
207,4,2,1,1,6,1,2,3,4,2,1,1,5,2,2,1,rsll_rrsssl_rsll_rrsll
208,4,2,1,1,6,1,1,4,4,2,1,1,6,3,1,2,rsll_rssssl_rsll_rsslll
209,4,1,2,1,6,3,1,2,4,1,1,2,7,1,2,4,rrsl_rsslll_rssl_rrssssl
210,4,1,2,1,6,1,1,4,5,2,1,2,3,1,1,1,rrsl_rssssl_rssll_rsl
211,4,1,2,1,6,1,1,4,5,2,1,2,4,2,1,1,rrsl_rssssl_rssll_rsll
212,4,1,1,2,6,3,2,1,5,1,1,3,5,2,2,1,rssl_rrslll_rsssl_rrsll
213,4,2,1,1,6,1,1,4,5,2,2,1,6,1,2,3,rsll_rssssl_rrsll_rrsssl
214,4,1,2,1,6,3,2,1,5,2,1,2,7,3,2,2,rrsl_rrslll_rssll_rrsslll
215,4,1,2,1,6,2,1,3,6,2,2,2,3,1,1,1,rrsl_rsssll_rrssll_rsl
216,4,2,1,1,6,2,1,3,6,2,1,3,4,1,1,2,rsll_rsssll_rsssll_rssl
217,4,1,1,2,6,3,2,1,6,3,2,1,5,2,2,1,rssl_rrslll_rrslll_rrsll
218,4,1,1,2,6,1,2,3,6,2,1,3,6,2,1,3,rssl_rrsssl_rsssll_rsssll
219,4,1,1,2,6,2,1,3,6,2,2,2,7,1,2,4,rssl_rsssll_rrssll_rrssssl
220,4,2,1,1,6,3,2,1,7,3,1,3,3,1,1,1,rsll_rrslll_rssslll_rsl
221,4,1,2,1,6,3,1,2,7,2,1,4,4,1,1,2,rrsl_rsslll_rssssll_rssl
222,4,2,1,1,6,1,2,3,7,1,2,4,5,2,1,2,rsll_rrsssl_rrssssl_rssll
223,4,2,1,1,6,2,2,2,7,1,1,5,6,2,2,2,rsll_rrssll_rsssssl_rrssll
224,4,2,1,1,6,1,2,3,7,2,2,3,7,1,1,5,rsll_rrsssl_rrsssll_rsssssl
225,4,1,1,2,7,3,2,2,3,1,1,1,3,1,1,1,rssl_rrsslll_rsl_rsl
226,4,1,2,1,7,1,2,4,3,1,1,1,4,1,2,1,rrsl_rrssssl_rsl_rrsl
227,4,1,1,2,7,3,2,2,3,1,1,1,5,2,2,1,rssl_rrsslll_rsl_rrsll
228,4,2,1,1,7,1,1,5,3,1,1,1,6,3,1,2,rsll_rsssssl_rsl_rsslll
229,4,2,1,1,7,3,1,3,3,1,1,1,7,1,1,5,rsll_rssslll_rsl_rsssssl
230,4,2,1,1,7,1,1,5,4,1,2,1,3,1,1,1,rsll_rsssssl_rrsl_rsl
231,4,2,1,1,7,3,1,3,4,1,1,2,4,1,2,1,rsll_rssslll_rssl_rrsl
232,4,2,1,1,7,2,2,3,4,1,1,2,5,1,2,2,rsll_rrsssll_rssl_rrssl
233,4,2,1,1,7,3,2,2,4,2,1,1,6,1,1,4,rsll_rrsslll_rsll_rssssl
234,4,1,2,1,7,3,1,3,4,1,2,1,7,3,1,3,rrsl_rssslll_rrsl_rssslll
235,4,1,1,2,7,1,1,5,5,1,2,2,3,1,1,1,rssl_rsssssl_rrssl_rsl
236,4,1,1,2,7,1,1,5,5,3,1,1,4,1,2,1,rssl_rsssssl_rslll_rrsl
237,4,2,1,1,7,2,1,4,5,1,1,3,5,3,1,1,rsll_rssssll_rsssl_rslll
238,4,2,1,1,7,2,2,3,5,1,1,3,6,2,1,3,rsll_rrsssll_rsssl_rsssll
239,4,2,1,1,7,1,1,5,5,1,1,3,7,1,1,5,rsll_rsssssl_rsssl_rsssssl
240,4,1,2,1,7,3,2,2,6,1,1,4,3,1,1,1,rrsl_rrsslll_rssssl_rsl
241,4,1,1,2,7,1,2,4,6,2,1,3,4,2,1,1,rssl_rrssssl_rsssll_rsll
242,4,1,1,2,7,2,2,3,6,3,1,2,5,3,1,1,rssl_rrsssll_rsslll_rslll
243,4,1,1,2,7,3,2,2,6,1,2,3,6,3,2,1,rssl_rrsslll_rrsssl_rrslll
244,4,2,1,1,7,3,2,2,6,3,2,1,7,3,2,2,rsll_rrsslll_rrslll_rrsslll
245,4,1,1,2,7,3,1,3,7,3,1,3,3,1,1,1,rssl_rssslll_rssslll_rsl
246,4,2,1,1,7,3,1,3,7,2,1,4,4,1,1,2,rsll_rssslll_rssssll_rssl
247,4,2,1,1,7,3,2,2,7,2,2,3,5,3,1,1,rsll_rrsslll_rrsssll_rslll
248,4,1,1,2,7,2,2,3,7,3,2,2,6,3,1,2,rssl_rrsssll_rrsslll_rsslll
249,4,2,1,1,7,2,1,4,7,3,2,2,7,2,1,4,rsll_rssssll_rrsslll_rssssll
250,5,2,1,2,3,1,1,1,3,1,1,1,3,1,1,1,rssll_rsl_rsl_rsl
251,5,2,2,1,3,1,1,1,3,1,1,1,4,1,2,1,rrsll_rsl_rsl_rrsl
252,5,1,2,2,3,1,1,1,3,1,1,1,5,2,2,1,rrssl_rsl_rsl_rrsll
253,5,1,2,2,3,1,1,1,3,1,1,1,6,1,1,4,rrssl_rsl_rsl_rssssl
254,5,2,1,2,3,1,1,1,3,1,1,1,7,2,2,3,rssll_rsl_rsl_rrsssll
255,5,3,1,1,3,1,1,1,4,1,2,1,3,1,1,1,rslll_rsl_rrsl_rsl
256,5,2,1,2,3,1,1,1,4,1,1,2,4,1,2,1,rssll_rsl_rssl_rrsl
257,5,3,1,1,3,1,1,1,4,2,1,1,5,3,1,1,rslll_rsl_rsll_rslll
258,5,2,2,1,3,1,1,1,4,2,1,1,6,1,2,3,rrsll_rsl_rsll_rrsssl
259,5,1,2,2,3,1,1,1,4,2,1,1,7,1,2,4,rrssl_rsl_rsll_rrssssl
260,5,1,2,2,3,1,1,1,5,2,1,2,3,1,1,1,rrssl_rsl_rssll_rsl
261,5,3,1,1,3,1,1,1,5,1,1,3,4,2,1,1,rslll_rsl_rsssl_rsll
262,5,1,1,3,3,1,1,1,5,1,1,3,5,1,2,2,rsssl_rsl_rsssl_rrssl
263,5,2,1,2,3,1,1,1,5,3,1,1,6,2,2,2,rssll_rsl_rslll_rrssll
264,5,1,2,2,3,1,1,1,5,1,1,3,7,2,2,3,rrssl_rsl_rsssl_rrsssll
265,5,3,1,1,3,1,1,1,6,3,2,1,3,1,1,1,rslll_rsl_rrslll_rsl
266,5,2,1,2,3,1,1,1,6,2,1,3,4,2,1,1,rssll_rsl_rsssll_rsll
267,5,2,2,1,3,1,1,1,6,2,1,3,5,2,1,2,rrsll_rsl_rsssll_rssll
268,5,2,1,2,3,1,1,1,6,1,1,4,6,2,2,2,rssll_rsl_rssssl_rrssll
269,5,1,2,2,3,1,1,1,6,1,2,3,7,3,2,2,rrssl_rsl_rrsssl_rrsslll
270,5,3,1,1,3,1,1,1,7,2,2,3,3,1,1,1,rslll_rsl_rrsssll_rsl
271,5,2,2,1,3,1,1,1,7,1,1,5,4,2,1,1,rrsll_rsl_rsssssl_rsll
272,5,2,1,2,3,1,1,1,7,1,2,4,5,2,2,1,rssll_rsl_rrssssl_rrsll
273,5,2,2,1,3,1,1,1,7,1,2,4,6,3,1,2,rrsll_rsl_rrssssl_rsslll
274,5,1,1,3,3,1,1,1,7,2,2,3,7,3,2,2,rsssl_rsl_rrsssll_rrsslll
275,5,2,1,2,4,1,1,2,3,1,1,1,3,1,1,1,rssll_rssl_rsl_rsl
276,5,3,1,1,4,2,1,1,3,1,1,1,4,1,1,2,rslll_rsll_rsl_rssl
277,5,2,1,2,4,1,1,2,3,1,1,1,5,2,1,2,rssll_rssl_rsl_rssll
278,5,1,1,3,4,1,1,2,3,1,1,1,6,1,1,4,rsssl_rssl_rsl_rssssl
279,5,3,1,1,4,1,1,2,3,1,1,1,7,1,2,4,rslll_rssl_rsl_rrssssl
280,5,2,1,2,4,1,1,2,4,2,1,1,3,1,1,1,rssll_rssl_rsll_rsl
281,5,3,1,1,4,2,1,1,4,2,1,1,4,2,1,1,rslll_rsll_rsll_rsll
282,5,3,1,1,4,2,1,1,4,1,2,1,5,1,1,3,rslll_rsll_rrsl_rsssl
283,5,3,1,1,4,2,1,1,4,1,1,2,6,1,2,3,rslll_rsll_rssl_rrsssl
284,5,2,2,1,4,2,1,1,4,2,1,1,7,3,2,2,rrsll_rsll_rsll_rrsslll
285,5,2,2,1,4,2,1,1,5,1,1,3,3,1,1,1,rrsll_rsll_rsssl_rsl
286,5,2,1,2,4,1,2,1,5,1,1,3,4,1,2,1,rssll_rrsl_rsssl_rrsl
287,5,2,2,1,4,1,1,2,5,3,1,1,5,2,2,1,rrsll_rssl_rslll_rrsll
288,5,1,1,3,4,1,2,1,5,1,2,2,6,1,2,3,rsssl_rrsl_rrssl_rrsssl
289,5,2,2,1,4,2,1,1,5,1,2,2,7,3,1,3,rrsll_rsll_rrssl_rssslll
290,5,2,2,1,4,1,1,2,6,2,1,3,3,1,1,1,rrsll_rssl_rsssll_rsl
291,5,1,2,2,4,2,1,1,6,2,2,2,4,1,2,1,rrssl_rsll_rrssll_rrsl
292,5,1,2,2,4,1,2,1,6,1,2,3,5,2,1,2,rrssl_rrsl_rrsssl_rssll
293,5,3,1,1,4,1,1,2,6,2,1,3,6,2,1,3,rslll_rssl_rsssll_rsssll
294,5,2,1,2,4,2,1,1,6,2,1,3,7,1,2,4,rssll_rsll_rsssll_rrssssl
295,5,1,2,2,4,2,1,1,7,1,2,4,3,1,1,1,rrssl_rsll_rrssssl_rsl
296,5,2,2,1,4,1,2,1,7,3,1,3,4,1,2,1,rrsll_rrsl_rssslll_rrsl
297,5,2,2,1,4,1,2,1,7,2,1,4,5,1,2,2,rrsll_rrsl_rssssll_rrssl
298,5,1,2,2,4,2,1,1,7,1,1,5,6,1,1,4,rrssl_rsll_rsssssl_rssssl
299,5,2,2,1,4,2,1,1,7,1,2,4,7,3,1,3,rrsll_rsll_rrssssl_rssslll
300,5,2,2,1,5,3,1,1,3,1,1,1,3,1,1,1,rrsll_rslll_rsl_rsl
301,5,2,1,2,5,2,2,1,3,1,1,1,4,1,2,1,rssll_rrsll_rsl_rrsl
302,5,1,1,3,5,2,1,2,3,1,1,1,5,1,1,3,rsssl_rssll_rsl_rsssl
303,5,1,1,3,5,2,2,1,3,1,1,1,6,3,1,2,rsssl_rrsll_rsl_rsslll
304,5,1,1,3,5,1,2,2,3,1,1,1,7,2,2,3,rsssl_rrssl_rsl_rrsssll
305,5,2,2,1,5,3,1,1,4,1,2,1,3,1,1,1,rrsll_rslll_rrsl_rsl
306,5,3,1,1,5,2,2,1,4,1,1,2,4,1,2,1,rslll_rrsll_rssl_rrsl
307,5,3,1,1,5,2,2,1,4,1,1,2,5,2,2,1,rslll_rrsll_rssl_rrsll
308,5,3,1,1,5,3,1,1,4,1,1,2,6,1,2,3,rslll_rslll_rssl_rrsssl
309,5,3,1,1,5,1,1,3,4,1,2,1,7,1,2,4,rslll_rsssl_rrsl_rrssssl
310,5,1,2,2,5,1,1,3,5,2,1,2,3,1,1,1,rrssl_rsssl_rssll_rsl
311,5,2,2,1,5,1,1,3,5,2,1,2,4,2,1,1,rrsll_rsssl_rssll_rsll
312,5,1,2,2,5,1,1,3,5,2,1,2,5,1,2,2,rrssl_rsssl_rssll_rrssl
313,5,1,2,2,5,1,1,3,5,2,1,2,6,2,1,3,rrssl_rsssl_rssll_rsssll
314,5,1,1,3,5,3,1,1,5,1,2,2,7,3,1,3,rsssl_rslll_rrssl_rssslll
315,5,1,2,2,5,2,1,2,6,1,1,4,3,1,1,1,rrssl_rssll_rssssl_rsl
316,5,1,1,3,5,1,1,3,6,1,1,4,4,1,1,2,rsssl_rsssl_rssssl_rssl
317,5,2,2,1,5,1,2,2,6,3,2,1,5,2,1,2,rrsll_rrssl_rrslll_rssll
318,5,3,1,1,5,2,1,2,6,2,2,2,6,3,1,2,rslll_rssll_rrssll_rsslll
319,5,2,2,1,5,2,1,2,6,1,1,4,7,3,1,3,rrsll_rssll_rssssl_rssslll
320,5,2,2,1,5,1,1,3,7,1,2,4,3,1,1,1,rrsll_rsssl_rrssssl_rsl
321,5,3,1,1,5,1,2,2,7,3,2,2,4,1,1,2,rslll_rrssl_rrsslll_rssl
322,5,2,1,2,5,1,2,2,7,2,1,4,5,3,1,1,rssll_rrssl_rssssll_rslll
323,5,2,1,2,5,1,2,2,7,3,1,3,6,2,2,2,rssll_rrssl_rssslll_rrssll
324,5,1,2,2,5,1,2,2,7,3,2,2,7,3,2,2,rrssl_rrssl_rrsslll_rrsslll
325,5,1,1,3,6,1,1,4,3,1,1,1,3,1,1,1,rsssl_rssssl_rsl_rsl
326,5,2,2,1,6,1,2,3,3,1,1,1,4,1,1,2,rrsll_rrsssl_rsl_rssl
327,5,1,2,2,6,2,2,2,3,1,1,1,5,1,1,3,rrssl_rrssll_rsl_rsssl
328,5,2,1,2,6,1,2,3,3,1,1,1,6,2,1,3,rssll_rrsssl_rsl_rsssll
329,5,3,1,1,6,2,2,2,3,1,1,1,7,1,2,4,rslll_rrssll_rsl_rrssssl
330,5,1,2,2,6,3,2,1,4,1,1,2,3,1,1,1,rrssl_rrslll_rssl_rsl
331,5,3,1,1,6,2,2,2,4,1,1,2,4,1,2,1,rslll_rrssll_rssl_rrsl
332,5,1,2,2,6,2,1,3,4,2,1,1,5,1,1,3,rrssl_rsssll_rsll_rsssl
333,5,1,2,2,6,2,1,3,4,1,2,1,6,2,1,3,rrssl_rsssll_rrsl_rsssll
334,5,1,1,3,6,1,2,3,4,1,2,1,7,3,2,2,rsssl_rrsssl_rrsl_rrsslll
335,5,3,1,1,6,1,2,3,5,2,1,2,3,1,1,1,rslll_rrsssl_rssll_rsl
336,5,1,1,3,6,2,1,3,5,2,2,1,4,2,1,1,rsssl_rsssll_rrsll_rsll
337,5,1,2,2,6,3,2,1,5,2,1,2,5,2,2,1,rrssl_rrslll_rssll_rrsll
338,5,1,2,2,6,1,2,3,5,3,1,1,6,2,1,3,rrssl_rrsssl_rslll_rsssll
339,5,2,1,2,6,3,2,1,5,3,1,1,7,3,2,2,rssll_rrslll_rslll_rrsslll
340,5,2,2,1,6,1,1,4,6,1,1,4,3,1,1,1,rrsll_rssssl_rssssl_rsl
341,5,1,1,3,6,2,2,2,6,1,1,4,4,2,1,1,rsssl_rrssll_rssssl_rsll
342,5,1,1,3,6,3,1,2,6,3,2,1,5,3,1,1,rsssl_rsslll_rrslll_rslll
343,5,1,1,3,6,2,1,3,6,3,2,1,6,3,2,1,rsssl_rsssll_rrslll_rrslll
344,5,2,2,1,6,1,2,3,6,1,2,3,7,1,2,4,rrsll_rrsssl_rrsssl_rrssssl
345,5,2,2,1,6,1,2,3,7,3,1,3,3,1,1,1,rrsll_rrsssl_rssslll_rsl
346,5,1,1,3,6,2,2,2,7,2,1,4,4,1,2,1,rsssl_rrssll_rssssll_rrsl
347,5,1,1,3,6,1,1,4,7,3,1,3,5,2,2,1,rsssl_rssssl_rssslll_rrsll
348,5,2,2,1,6,2,2,2,7,2,1,4,6,3,1,2,rrsll_rrssll_rssssll_rsslll
349,5,3,1,1,6,2,2,2,7,1,1,5,7,1,1,5,rslll_rrssll_rsssssl_rsssssl
350,5,3,1,1,7,3,1,3,3,1,1,1,3,1,1,1,rslll_rssslll_rsl_rsl
351,5,1,2,2,7,3,2,2,3,1,1,1,4,1,1,2,rrssl_rrsslll_rsl_rssl
352,5,3,1,1,7,1,1,5,3,1,1,1,5,2,1,2,rslll_rsssssl_rsl_rssll
353,5,1,1,3,7,3,2,2,3,1,1,1,6,2,2,2,rsssl_rrsslll_rsl_rrssll
354,5,2,1,2,7,3,2,2,3,1,1,1,7,2,2,3,rssll_rrsslll_rsl_rrsssll
355,5,3,1,1,7,2,1,4,4,2,1,1,3,1,1,1,rslll_rssssll_rsll_rsl
356,5,2,2,1,7,1,2,4,4,1,2,1,4,1,2,1,rrsll_rrssssl_rrsl_rrsl
357,5,3,1,1,7,1,2,4,4,1,2,1,5,3,1,1,rslll_rrssssl_rrsl_rslll
358,5,1,2,2,7,1,2,4,4,1,2,1,6,1,2,3,rrssl_rrssssl_rrsl_rrsssl
359,5,2,2,1,7,2,1,4,4,1,1,2,7,2,2,3,rrsll_rssssll_rssl_rrsssll
360,5,3,1,1,7,3,1,3,5,1,2,2,3,1,1,1,rslll_rssslll_rrssl_rsl
361,5,1,1,3,7,2,1,4,5,1,1,3,4,1,1,2,rsssl_rssssll_rsssl_rssl
362,5,1,1,3,7,1,1,5,5,1,2,2,5,2,2,1,rsssl_rsssssl_rrssl_rrsll
363,5,2,1,2,7,3,2,2,5,1,2,2,6,2,1,3,rssll_rrsslll_rrssl_rsssll
364,5,3,1,1,7,1,2,4,5,1,2,2,7,2,1,4,rslll_rrssssl_rrssl_rssssll
365,5,1,2,2,7,3,1,3,6,1,1,4,3,1,1,1,rrssl_rssslll_rssssl_rsl
366,5,2,1,2,7,1,2,4,6,3,2,1,4,1,2,1,rssll_rrssssl_rrslll_rrsl
367,5,2,1,2,7,3,2,2,6,2,2,2,5,2,1,2,rssll_rrsslll_rrssll_rssll
368,5,1,1,3,7,1,2,4,6,2,1,3,6,3,2,1,rsssl_rrssssl_rsssll_rrslll
369,5,1,2,2,7,3,1,3,6,2,2,2,7,3,1,3,rrssl_rssslll_rrssll_rssslll
370,5,1,2,2,7,1,1,5,7,3,1,3,3,1,1,1,rrssl_rsssssl_rssslll_rsl
371,5,3,1,1,7,3,2,2,7,2,2,3,4,1,1,2,rslll_rrsslll_rrsssll_rssl
372,5,1,2,2,7,3,2,2,7,1,1,5,5,2,2,1,rrssl_rrsslll_rsssssl_rrsll
373,5,1,2,2,7,1,1,5,7,1,2,4,6,3,1,2,rrssl_rsssssl_rrssssl_rsslll
374,5,2,1,2,7,1,1,5,7,3,1,3,7,2,1,4,rssll_rsssssl_rssslll_rssssll
375,6,1,2,3,3,1,1,1,3,1,1,1,3,1,1,1,rrsssl_rsl_rsl_rsl
376,6,2,2,2,3,1,1,1,3,1,1,1,4,1,1,2,rrssll_rsl_rsl_rssl
377,6,1,2,3,3,1,1,1,3,1,1,1,5,2,2,1,rrsssl_rsl_rsl_rrsll
378,6,3,1,2,3,1,1,1,3,1,1,1,6,3,1,2,rsslll_rsl_rsl_rsslll
379,6,3,2,1,3,1,1,1,3,1,1,1,7,1,1,5,rrslll_rsl_rsl_rsssssl
380,6,2,2,2,3,1,1,1,4,1,2,1,3,1,1,1,rrssll_rsl_rrsl_rsl
381,6,2,2,2,3,1,1,1,4,1,1,2,4,2,1,1,rrssll_rsl_rssl_rsll
382,6,3,1,2,3,1,1,1,4,1,1,2,5,2,1,2,rsslll_rsl_rssl_rssll
383,6,3,2,1,3,1,1,1,4,1,1,2,6,3,1,2,rrslll_rsl_rssl_rsslll
384,6,3,1,2,3,1,1,1,4,1,1,2,7,3,1,3,rsslll_rsl_rssl_rssslll
385,6,2,1,3,3,1,1,1,5,1,2,2,3,1,1,1,rsssll_rsl_rrssl_rsl
386,6,1,1,4,3,1,1,1,5,1,2,2,4,1,2,1,rssssl_rsl_rrssl_rrsl
387,6,1,2,3,3,1,1,1,5,2,2,1,5,3,1,1,rrsssl_rsl_rrsll_rslll
388,6,3,1,2,3,1,1,1,5,1,1,3,6,3,1,2,rsslll_rsl_rsssl_rsslll
389,6,1,2,3,3,1,1,1,5,3,1,1,7,1,1,5,rrsssl_rsl_rslll_rsssssl
390,6,1,1,4,3,1,1,1,6,3,2,1,3,1,1,1,rssssl_rsl_rrslll_rsl
391,6,2,1,3,3,1,1,1,6,3,1,2,4,2,1,1,rsssll_rsl_rsslll_rsll
392,6,3,2,1,3,1,1,1,6,2,1,3,5,1,2,2,rrslll_rsl_rsssll_rrssl
393,6,1,2,3,3,1,1,1,6,2,1,3,6,2,1,3,rrsssl_rsl_rsssll_rsssll
394,6,2,1,3,3,1,1,1,6,2,2,2,7,1,1,5,rsssll_rsl_rrssll_rsssssl
395,6,3,1,2,3,1,1,1,7,1,2,4,3,1,1,1,rsslll_rsl_rrssssl_rsl
396,6,3,1,2,3,1,1,1,7,2,1,4,4,1,2,1,rsslll_rsl_rssssll_rrsl
397,6,1,1,4,3,1,1,1,7,2,1,4,5,2,1,2,rssssl_rsl_rssssll_rssll
398,6,1,1,4,3,1,1,1,7,2,1,4,6,3,2,1,rssssl_rsl_rssssll_rrslll
399,6,3,2,1,3,1,1,1,7,2,2,3,7,2,1,4,rrslll_rsl_rrsssll_rssssll
400,6,3,2,1,4,1,2,1,3,1,1,1,3,1,1,1,rrslll_rrsl_rsl_rsl
401,6,2,2,2,4,2,1,1,3,1,1,1,4,1,2,1,rrssll_rsll_rsl_rrsl
402,6,2,1,3,4,2,1,1,3,1,1,1,5,3,1,1,rsssll_rsll_rsl_rslll
403,6,1,1,4,4,1,2,1,3,1,1,1,6,3,1,2,rssssl_rrsl_rsl_rsslll
404,6,3,1,2,4,2,1,1,3,1,1,1,7,2,1,4,rsslll_rsll_rsl_rssssll
405,6,1,2,3,4,1,1,2,4,2,1,1,3,1,1,1,rrsssl_rssl_rsll_rsl
406,6,3,2,1,4,1,2,1,4,1,2,1,4,1,1,2,rrslll_rrsl_rrsl_rssl
407,6,1,2,3,4,2,1,1,4,2,1,1,5,1,1,3,rrsssl_rsll_rsll_rsssl
408,6,2,2,2,4,2,1,1,4,1,2,1,6,3,2,1,rrssll_rsll_rrsl_rrslll
409,6,3,1,2,4,2,1,1,4,1,1,2,7,2,2,3,rsslll_rsll_rssl_rrsssll
410,6,1,2,3,4,1,1,2,5,3,1,1,3,1,1,1,rrsssl_rssl_rslll_rsl
411,6,3,2,1,4,2,1,1,5,2,2,1,4,1,1,2,rrslll_rsll_rrsll_rssl
412,6,2,1,3,4,1,1,2,5,2,1,2,5,2,2,1,rsssll_rssl_rssll_rrsll
413,6,3,2,1,4,1,2,1,5,3,1,1,6,1,1,4,rrslll_rrsl_rslll_rssssl
414,6,1,1,4,4,1,2,1,5,1,1,3,7,2,2,3,rssssl_rrsl_rsssl_rrsssll
415,6,3,1,2,4,1,2,1,6,2,2,2,3,1,1,1,rsslll_rrsl_rrssll_rsl
416,6,2,1,3,4,1,1,2,6,3,1,2,4,1,2,1,rsssll_rssl_rsslll_rrsl
417,6,1,1,4,4,1,1,2,6,1,2,3,5,3,1,1,rssssl_rssl_rrsssl_rslll
418,6,2,2,2,4,2,1,1,6,2,1,3,6,1,2,3,rrssll_rsll_rsssll_rrsssl
419,6,3,2,1,4,2,1,1,6,3,2,1,7,1,2,4,rrslll_rsll_rrslll_rrssssl
420,6,3,2,1,4,1,1,2,7,3,1,3,3,1,1,1,rrslll_rssl_rssslll_rsl
421,6,2,2,2,4,1,1,2,7,2,1,4,4,2,1,1,rrssll_rssl_rssssll_rsll
422,6,1,1,4,4,1,1,2,7,3,2,2,5,2,1,2,rssssl_rssl_rrsslll_rssll
423,6,2,2,2,4,1,1,2,7,2,2,3,6,3,1,2,rrssll_rssl_rrsssll_rsslll
424,6,1,1,4,4,1,1,2,7,2,1,4,7,1,2,4,rssssl_rssl_rssssll_rrssssl
425,6,1,1,4,5,2,2,1,3,1,1,1,3,1,1,1,rssssl_rrsll_rsl_rsl
426,6,1,1,4,5,2,1,2,3,1,1,1,4,1,1,2,rssssl_rssll_rsl_rssl
427,6,3,2,1,5,3,1,1,3,1,1,1,5,1,2,2,rrslll_rslll_rsl_rrssl
428,6,3,2,1,5,3,1,1,3,1,1,1,6,1,1,4,rrslll_rslll_rsl_rssssl
429,6,3,2,1,5,2,1,2,3,1,1,1,7,2,1,4,rrslll_rssll_rsl_rssssll
430,6,2,1,3,5,3,1,1,4,1,2,1,3,1,1,1,rsssll_rslll_rrsl_rsl
431,6,2,1,3,5,3,1,1,4,1,1,2,4,1,2,1,rsssll_rslll_rssl_rrsl
432,6,3,2,1,5,2,2,1,4,2,1,1,5,3,1,1,rrslll_rrsll_rsll_rslll
433,6,3,2,1,5,1,2,2,4,1,2,1,6,2,2,2,rrslll_rrssl_rrsl_rrssll
434,6,2,1,3,5,2,1,2,4,2,1,1,7,2,1,4,rsssll_rssll_rsll_rssssll
435,6,2,1,3,5,2,1,2,5,3,1,1,3,1,1,1,rsssll_rssll_rslll_rsl
436,6,3,2,1,5,1,1,3,5,1,2,2,4,1,2,1,rrslll_rsssl_rrssl_rrsl
437,6,1,1,4,5,1,1,3,5,3,1,1,5,2,2,1,rssssl_rsssl_rslll_rrsll
438,6,1,1,4,5,2,1,2,5,1,1,3,6,1,2,3,rssssl_rssll_rsssl_rrsssl
439,6,2,2,2,5,1,1,3,5,1,2,2,7,1,2,4,rrssll_rsssl_rrssl_rrssssl
440,6,2,1,3,5,2,2,1,6,1,2,3,3,1,1,1,rsssll_rrsll_rrsssl_rsl
441,6,2,1,3,5,2,2,1,6,1,1,4,4,1,1,2,rsssll_rrsll_rssssl_rssl
442,6,3,2,1,5,1,2,2,6,1,1,4,5,2,2,1,rrslll_rrssl_rssssl_rrsll
443,6,3,2,1,5,3,1,1,6,1,2,3,6,2,1,3,rrslll_rslll_rrsssl_rsssll
444,6,2,1,3,5,3,1,1,6,2,2,2,7,2,2,3,rsssll_rslll_rrssll_rrsssll
445,6,1,2,3,5,1,2,2,7,3,1,3,3,1,1,1,rrsssl_rrssl_rssslll_rsl
446,6,2,2,2,5,1,2,2,7,2,2,3,4,2,1,1,rrssll_rrssl_rrsssll_rsll
447,6,1,1,4,5,1,2,2,7,2,1,4,5,2,2,1,rssssl_rrssl_rssssll_rrsll
448,6,3,1,2,5,3,1,1,7,3,1,3,6,3,1,2,rsslll_rslll_rssslll_rsslll
449,6,1,1,4,5,2,2,1,7,1,1,5,7,3,1,3,rssssl_rrsll_rsssssl_rssslll
450,6,1,2,3,6,3,2,1,3,1,1,1,3,1,1,1,rrsssl_rrslll_rsl_rsl
451,6,1,2,3,6,3,2,1,3,1,1,1,4,2,1,1,rrsssl_rrslll_rsl_rsll
452,6,2,2,2,6,2,2,2,3,1,1,1,5,1,2,2,rrssll_rrssll_rsl_rrssl
453,6,2,1,3,6,3,1,2,3,1,1,1,6,2,2,2,rsssll_rsslll_rsl_rrssll
454,6,3,2,1,6,2,2,2,3,1,1,1,7,3,2,2,rrslll_rrssll_rsl_rrsslll
455,6,1,2,3,6,1,2,3,4,1,1,2,3,1,1,1,rrsssl_rrsssl_rssl_rsl
456,6,3,1,2,6,2,2,2,4,2,1,1,4,1,1,2,rsslll_rrssll_rsll_rssl
457,6,2,1,3,6,3,2,1,4,1,2,1,5,3,1,1,rsssll_rrslll_rrsl_rslll
458,6,3,2,1,6,3,1,2,4,1,2,1,6,2,2,2,rrslll_rsslll_rrsl_rrssll
459,6,3,2,1,6,1,1,4,4,2,1,1,7,2,2,3,rrslll_rssssl_rsll_rrsssll
460,6,3,2,1,6,3,1,2,5,2,2,1,3,1,1,1,rrslll_rsslll_rrsll_rsl
461,6,1,1,4,6,2,2,2,5,2,2,1,4,1,2,1,rssssl_rrssll_rrsll_rrsl
462,6,1,2,3,6,3,2,1,5,2,2,1,5,1,1,3,rrsssl_rrslll_rrsll_rsssl
463,6,2,1,3,6,2,1,3,5,1,2,2,6,1,1,4,rsssll_rsssll_rrssl_rssssl
464,6,2,1,3,6,1,1,4,5,1,2,2,7,2,1,4,rsssll_rssssl_rrssl_rssssll
465,6,3,2,1,6,3,1,2,6,3,1,2,3,1,1,1,rrslll_rsslll_rsslll_rsl
466,6,3,2,1,6,2,2,2,6,3,2,1,4,1,2,1,rrslll_rrssll_rrslll_rrsl
467,6,3,1,2,6,1,1,4,6,3,2,1,5,2,1,2,rsslll_rssssl_rrslll_rssll
468,6,3,1,2,6,1,1,4,6,2,1,3,6,1,1,4,rsslll_rssssl_rsssll_rssssl
469,6,3,1,2,6,2,1,3,6,1,2,3,7,3,1,3,rsslll_rsssll_rrsssl_rssslll
470,6,1,2,3,6,2,1,3,7,2,2,3,3,1,1,1,rrsssl_rsssll_rrsssll_rsl
471,6,3,1,2,6,3,1,2,7,3,2,2,4,1,2,1,rsslll_rsslll_rrsslll_rrsl
472,6,1,2,3,6,2,2,2,7,3,2,2,5,3,1,1,rrsssl_rrssll_rrsslll_rslll
473,6,3,2,1,6,2,2,2,7,1,1,5,6,1,1,4,rrslll_rrssll_rsssssl_rssssl
474,6,3,1,2,6,1,2,3,7,3,1,3,7,2,1,4,rsslll_rrsssl_rssslll_rssssll
475,6,2,1,3,7,3,2,2,3,1,1,1,3,1,1,1,rsssll_rrsslll_rsl_rsl
476,6,2,1,3,7,3,1,3,3,1,1,1,4,1,1,2,rsssll_rssslll_rsl_rssl
477,6,2,2,2,7,1,1,5,3,1,1,1,5,3,1,1,rrssll_rsssssl_rsl_rslll
478,6,1,1,4,7,2,2,3,3,1,1,1,6,2,1,3,rssssl_rrsssll_rsl_rsssll
479,6,1,2,3,7,1,1,5,3,1,1,1,7,2,1,4,rrsssl_rsssssl_rsl_rssssll
480,6,2,1,3,7,1,1,5,4,2,1,1,3,1,1,1,rsssll_rsssssl_rsll_rsl
481,6,1,2,3,7,1,1,5,4,1,1,2,4,1,1,2,rrsssl_rsssssl_rssl_rssl
482,6,2,2,2,7,2,1,4,4,2,1,1,5,2,2,1,rrssll_rssssll_rsll_rrsll
483,6,1,1,4,7,2,2,3,4,1,1,2,6,2,1,3,rssssl_rrsssll_rssl_rsssll
484,6,1,2,3,7,1,2,4,4,1,1,2,7,1,2,4,rrsssl_rrssssl_rssl_rrssssl
485,6,1,1,4,7,3,2,2,5,1,1,3,3,1,1,1,rssssl_rrsslll_rsssl_rsl
486,6,3,2,1,7,1,2,4,5,1,1,3,4,2,1,1,rrslll_rrssssl_rsssl_rsll
487,6,3,2,1,7,1,1,5,5,3,1,1,5,2,2,1,rrslll_rsssssl_rslll_rrsll
488,6,2,1,3,7,1,1,5,5,2,1,2,6,1,2,3,rsssll_rsssssl_rssll_rrsssl
489,6,2,1,3,7,1,1,5,5,2,2,1,7,2,1,4,rsssll_rsssssl_rrsll_rssssll
490,6,3,1,2,7,1,2,4,6,3,2,1,3,1,1,1,rsslll_rrssssl_rrslll_rsl
491,6,3,2,1,7,2,2,3,6,3,2,1,4,1,2,1,rrslll_rrsssll_rrslll_rrsl
492,6,2,2,2,7,2,1,4,6,1,2,3,5,2,2,1,rrssll_rssssll_rrsssl_rrsll
493,6,2,2,2,7,1,1,5,6,3,2,1,6,2,1,3,rrssll_rsssssl_rrslll_rsssll
494,6,1,1,4,7,2,2,3,6,1,2,3,7,3,1,3,rssssl_rrsssll_rrsssl_rssslll
495,6,3,1,2,7,3,2,2,7,1,1,5,3,1,1,1,rsslll_rrsslll_rsssssl_rsl
496,6,2,1,3,7,3,2,2,7,3,1,3,4,1,2,1,rsssll_rrsslll_rssslll_rrsl
497,6,3,1,2,7,3,2,2,7,3,1,3,5,1,1,3,rsslll_rrsslll_rssslll_rsssl
498,6,2,1,3,7,1,2,4,7,1,1,5,6,2,1,3,rsssll_rrssssl_rsssssl_rsssll
499,6,3,1,2,7,2,1,4,7,1,2,4,7,1,1,5,rsslll_rssssll_rrssssl_rsssssl
500,7,3,1,3,3,1,1,1,3,1,1,1,3,1,1,1,rssslll_rsl_rsl_rsl
501,7,3,2,2,3,1,1,1,3,1,1,1,4,2,1,1,rrsslll_rsl_rsl_rsll
502,7,2,2,3,3,1,1,1,3,1,1,1,5,2,2,1,rrsssll_rsl_rsl_rrsll
503,7,2,1,4,3,1,1,1,3,1,1,1,6,3,1,2,rssssll_rsl_rsl_rsslll
504,7,2,2,3,3,1,1,1,3,1,1,1,7,2,1,4,rrsssll_rsl_rsl_rssssll
505,7,3,2,2,3,1,1,1,4,1,1,2,3,1,1,1,rrsslll_rsl_rssl_rsl
506,7,3,2,2,3,1,1,1,4,1,1,2,4,2,1,1,rrsslll_rsl_rssl_rsll
507,7,2,2,3,3,1,1,1,4,2,1,1,5,1,2,2,rrsssll_rsl_rsll_rrssl
508,7,1,1,5,3,1,1,1,4,1,1,2,6,1,2,3,rsssssl_rsl_rssl_rrsssl
509,7,3,2,2,3,1,1,1,4,1,2,1,7,2,2,3,rrsslll_rsl_rrsl_rrsssll
510,7,3,1,3,3,1,1,1,5,3,1,1,3,1,1,1,rssslll_rsl_rslll_rsl
511,7,1,1,5,3,1,1,1,5,2,1,2,4,1,2,1,rsssssl_rsl_rssll_rrsl
512,7,1,2,4,3,1,1,1,5,2,2,1,5,2,1,2,rrssssl_rsl_rrsll_rssll
513,7,2,2,3,3,1,1,1,5,2,1,2,6,3,2,1,rrsssll_rsl_rssll_rrslll
514,7,2,2,3,3,1,1,1,5,1,2,2,7,3,1,3,rrsssll_rsl_rrssl_rssslll
515,7,1,2,4,3,1,1,1,6,3,1,2,3,1,1,1,rrssssl_rsl_rsslll_rsl
516,7,3,2,2,3,1,1,1,6,3,2,1,4,1,2,1,rrsslll_rsl_rrslll_rrsl
517,7,1,1,5,3,1,1,1,6,3,2,1,5,1,1,3,rsssssl_rsl_rrslll_rsssl
518,7,3,2,2,3,1,1,1,6,2,2,2,6,2,2,2,rrsslll_rsl_rrssll_rrssll
519,7,1,1,5,3,1,1,1,6,3,2,1,7,2,1,4,rsssssl_rsl_rrslll_rssssll
520,7,1,1,5,3,1,1,1,7,3,2,2,3,1,1,1,rsssssl_rsl_rrsslll_rsl
521,7,3,2,2,3,1,1,1,7,2,2,3,4,1,1,2,rrsslll_rsl_rrsssll_rssl
522,7,3,2,2,3,1,1,1,7,3,2,2,5,2,1,2,rrsslll_rsl_rrsslll_rssll
523,7,1,1,5,3,1,1,1,7,3,2,2,6,2,1,3,rsssssl_rsl_rrsslll_rsssll
524,7,2,1,4,3,1,1,1,7,1,1,5,7,1,1,5,rssssll_rsl_rsssssl_rsssssl
525,7,1,2,4,4,1,1,2,3,1,1,1,3,1,1,1,rrssssl_rssl_rsl_rsl
526,7,2,1,4,4,1,1,2,3,1,1,1,4,2,1,1,rssssll_rssl_rsl_rsll
527,7,2,1,4,4,1,1,2,3,1,1,1,5,1,1,3,rssssll_rssl_rsl_rsssl
528,7,2,2,3,4,2,1,1,3,1,1,1,6,3,2,1,rrsssll_rsll_rsl_rrslll
529,7,1,2,4,4,2,1,1,3,1,1,1,7,3,2,2,rrssssl_rsll_rsl_rrsslll
530,7,2,1,4,4,2,1,1,4,1,1,2,3,1,1,1,rssssll_rsll_rssl_rsl
531,7,1,1,5,4,1,2,1,4,1,2,1,4,2,1,1,rsssssl_rrsl_rrsl_rsll
532,7,1,2,4,4,1,1,2,4,2,1,1,5,1,2,2,rrssssl_rssl_rsll_rrssl
533,7,2,2,3,4,1,2,1,4,1,2,1,6,2,2,2,rrsssll_rrsl_rrsl_rrssll
534,7,3,2,2,4,2,1,1,4,1,2,1,7,1,2,4,rrsslll_rsll_rrsl_rrssssl
535,7,2,2,3,4,1,1,2,5,1,2,2,3,1,1,1,rrsssll_rssl_rrssl_rsl
536,7,2,2,3,4,1,1,2,5,3,1,1,4,2,1,1,rrsssll_rssl_rslll_rsll
537,7,3,2,2,4,1,2,1,5,1,1,3,5,1,2,2,rrsslll_rrsl_rsssl_rrssl
538,7,1,2,4,4,2,1,1,5,3,1,1,6,3,1,2,rrssssl_rsll_rslll_rsslll
539,7,3,1,3,4,2,1,1,5,2,1,2,7,3,2,2,rssslll_rsll_rssll_rrsslll
540,7,1,2,4,4,1,2,1,6,2,1,3,3,1,1,1,rrssssl_rrsl_rsssll_rsl
541,7,2,2,3,4,1,1,2,6,1,2,3,4,1,2,1,rrsssll_rssl_rrsssl_rrsl
542,7,1,1,5,4,1,2,1,6,1,1,4,5,2,2,1,rsssssl_rrsl_rssssl_rrsll
543,7,1,2,4,4,2,1,1,6,2,1,3,6,1,1,4,rrssssl_rsll_rsssll_rssssl
544,7,2,2,3,4,1,1,2,6,1,2,3,7,3,2,2,rrsssll_rssl_rrsssl_rrsslll
545,7,3,2,2,4,1,1,2,7,1,2,4,3,1,1,1,rrsslll_rssl_rrssssl_rsl
546,7,3,2,2,4,2,1,1,7,2,1,4,4,2,1,1,rrsslll_rsll_rssssll_rsll
547,7,3,1,3,4,2,1,1,7,3,2,2,5,2,2,1,rssslll_rsll_rrsslll_rrsll
548,7,1,2,4,4,1,2,1,7,2,1,4,6,1,1,4,rrssssl_rrsl_rssssll_rssssl
549,7,1,2,4,4,2,1,1,7,3,1,3,7,3,2,2,rrssssl_rsll_rssslll_rrsslll
550,7,2,1,4,5,3,1,1,3,1,1,1,3,1,1,1,rssssll_rslll_rsl_rsl
551,7,2,2,3,5,2,1,2,3,1,1,1,4,1,2,1,rrsssll_rssll_rsl_rrsl
552,7,2,1,4,5,1,2,2,3,1,1,1,5,1,1,3,rssssll_rrssl_rsl_rsssl
553,7,3,2,2,5,1,2,2,3,1,1,1,6,3,1,2,rrsslll_rrssl_rsl_rsslll
554,7,2,2,3,5,2,2,1,3,1,1,1,7,2,1,4,rrsssll_rrsll_rsl_rssssll
555,7,3,2,2,5,1,2,2,4,1,1,2,3,1,1,1,rrsslll_rrssl_rssl_rsl
556,7,3,1,3,5,3,1,1,4,2,1,1,4,1,2,1,rssslll_rslll_rsll_rrsl
557,7,3,1,3,5,1,2,2,4,1,2,1,5,1,1,3,rssslll_rrssl_rrsl_rsssl
558,7,2,1,4,5,2,2,1,4,1,1,2,6,3,1,2,rssssll_rrsll_rssl_rsslll
559,7,2,2,3,5,2,2,1,4,1,1,2,7,2,1,4,rrsssll_rrsll_rssl_rssssll
560,7,3,2,2,5,2,2,1,5,1,2,2,3,1,1,1,rrsslll_rrsll_rrssl_rsl
561,7,2,1,4,5,1,2,2,5,1,1,3,4,2,1,1,rssssll_rrssl_rsssl_rsll
562,7,3,1,3,5,2,1,2,5,1,1,3,5,1,2,2,rssslll_rssll_rsssl_rrssl
563,7,2,2,3,5,2,2,1,5,3,1,1,6,2,2,2,rrsssll_rrsll_rslll_rrssll
564,7,3,2,2,5,2,2,1,5,1,1,3,7,3,2,2,rrsslll_rrsll_rsssl_rrsslll
565,7,1,2,4,5,3,1,1,6,3,1,2,3,1,1,1,rrssssl_rslll_rsslll_rsl
566,7,2,2,3,5,2,1,2,6,2,1,3,4,2,1,1,rrsssll_rssll_rsssll_rsll
567,7,3,1,3,5,2,2,1,6,2,1,3,5,3,1,1,rssslll_rrsll_rsssll_rslll
568,7,1,2,4,5,1,1,3,6,1,1,4,6,3,2,1,rrssssl_rsssl_rssssl_rrslll
569,7,3,1,3,5,1,1,3,6,1,1,4,7,1,1,5,rssslll_rsssl_rssssl_rsssssl
570,7,2,2,3,5,2,1,2,7,1,2,4,3,1,1,1,rrsssll_rssll_rrssssl_rsl
571,7,1,1,5,5,1,2,2,7,2,2,3,4,2,1,1,rsssssl_rrssl_rrsssll_rsll
572,7,2,1,4,5,2,2,1,7,3,1,3,5,1,1,3,rssssll_rrsll_rssslll_rsssl
573,7,1,1,5,5,2,1,2,7,1,1,5,6,3,1,2,rsssssl_rssll_rsssssl_rsslll
574,7,2,2,3,5,1,2,2,7,3,2,2,7,3,1,3,rrsssll_rrssl_rrsslll_rssslll
575,7,1,1,5,6,2,2,2,3,1,1,1,3,1,1,1,rsssssl_rrssll_rsl_rsl
576,7,2,2,3,6,2,1,3,3,1,1,1,4,2,1,1,rrsssll_rsssll_rsl_rsll
577,7,2,2,3,6,2,1,3,3,1,1,1,5,3,1,1,rrsssll_rsssll_rsl_rslll
578,7,2,2,3,6,1,2,3,3,1,1,1,6,2,1,3,rrsssll_rrsssl_rsl_rsssll
579,7,1,2,4,6,1,2,3,3,1,1,1,7,3,2,2,rrssssl_rrsssl_rsl_rrsslll
580,7,2,1,4,6,2,2,2,4,1,2,1,3,1,1,1,rssssll_rrssll_rrsl_rsl
581,7,1,1,5,6,2,1,3,4,1,1,2,4,1,2,1,rsssssl_rsssll_rssl_rrsl
582,7,1,1,5,6,2,2,2,4,2,1,1,5,2,1,2,rsssssl_rrssll_rsll_rssll
583,7,3,2,2,6,1,1,4,4,2,1,1,6,1,1,4,rrsslll_rssssl_rsll_rssssl
584,7,2,2,3,6,1,2,3,4,2,1,1,7,3,1,3,rrsssll_rrsssl_rsll_rssslll
585,7,1,2,4,6,1,1,4,5,1,1,3,3,1,1,1,rrssssl_rssssl_rsssl_rsl
586,7,3,1,3,6,3,1,2,5,1,2,2,4,2,1,1,rssslll_rsslll_rrssl_rsll
587,7,1,1,5,6,3,1,2,5,2,1,2,5,1,1,3,rsssssl_rsslll_rssll_rsssl
588,7,2,1,4,6,2,2,2,5,1,2,2,6,1,1,4,rssssll_rrssll_rrssl_rssssl
589,7,3,2,2,6,3,1,2,5,2,2,1,7,2,2,3,rrsslll_rsslll_rrsll_rrsssll
590,7,2,2,3,6,3,2,1,6,3,1,2,3,1,1,1,rrsssll_rrslll_rsslll_rsl
591,7,2,2,3,6,3,2,1,6,1,1,4,4,2,1,1,rrsssll_rrslll_rssssl_rsll
592,7,1,1,5,6,2,1,3,6,1,2,3,5,2,2,1,rsssssl_rsssll_rrsssl_rrsll
593,7,1,2,4,6,1,2,3,6,1,1,4,6,3,1,2,rrssssl_rrsssl_rssssl_rsslll
594,7,3,1,3,6,3,1,2,6,1,2,3,7,1,1,5,rssslll_rsslll_rrsssl_rsssssl
595,7,3,1,3,6,1,2,3,7,1,1,5,3,1,1,1,rssslll_rrsssl_rsssssl_rsl
596,7,2,2,3,6,1,2,3,7,1,1,5,4,2,1,1,rrsssll_rrsssl_rsssssl_rsll
597,7,1,2,4,6,2,1,3,7,1,2,4,5,1,2,2,rrssssl_rsssll_rrssssl_rrssl
598,7,2,1,4,6,1,1,4,7,2,2,3,6,3,1,2,rssssll_rssssl_rrsssll_rsslll
599,7,3,2,2,6,3,2,1,7,1,1,5,7,2,2,3,rrsslll_rrslll_rsssssl_rrsssll
600,7,2,1,4,7,1,1,5,3,1,1,1,3,1,1,1,rssssll_rsssssl_rsl_rsl
601,7,3,2,2,7,1,2,4,3,1,1,1,4,1,1,2,rrsslll_rrssssl_rsl_rssl
602,7,1,1,5,7,2,1,4,3,1,1,1,5,2,1,2,rsssssl_rssssll_rsl_rssll
603,7,1,2,4,7,3,2,2,3,1,1,1,6,3,1,2,rrssssl_rrsslll_rsl_rsslll
604,7,2,1,4,7,3,1,3,3,1,1,1,7,3,1,3,rssssll_rssslll_rsl_rssslll
605,7,2,1,4,7,2,1,4,4,1,1,2,3,1,1,1,rssssll_rssssll_rssl_rsl
606,7,1,1,5,7,2,2,3,4,1,1,2,4,2,1,1,rsssssl_rrsssll_rssl_rsll
607,7,2,2,3,7,2,1,4,4,1,1,2,5,1,1,3,rrsssll_rssssll_rssl_rsssl
608,7,1,1,5,7,3,2,2,4,1,1,2,6,3,2,1,rsssssl_rrsslll_rssl_rrslll
609,7,1,2,4,7,3,1,3,4,2,1,1,7,1,2,4,rrssssl_rssslll_rsll_rrssssl
610,7,2,2,3,7,1,1,5,5,2,1,2,3,1,1,1,rrsssll_rsssssl_rssll_rsl
611,7,2,1,4,7,2,1,4,5,1,1,3,4,2,1,1,rssssll_rssssll_rsssl_rsll
612,7,2,1,4,7,2,2,3,5,1,1,3,5,1,2,2,rssssll_rrsssll_rsssl_rrssl
613,7,3,1,3,7,2,1,4,5,2,1,2,6,1,2,3,rssslll_rssssll_rssll_rrsssl
614,7,3,2,2,7,1,2,4,5,2,1,2,7,2,1,4,rrsslll_rrssssl_rssll_rssssll
615,7,2,2,3,7,2,1,4,6,2,2,2,3,1,1,1,rrsssll_rssssll_rrssll_rsl
616,7,1,2,4,7,2,1,4,6,2,2,2,4,1,1,2,rrssssl_rssssll_rrssll_rssl
617,7,1,2,4,7,1,2,4,6,3,1,2,5,2,2,1,rrssssl_rrssssl_rsslll_rrsll
618,7,2,1,4,7,3,1,3,6,3,2,1,6,2,1,3,rssssll_rssslll_rrslll_rsssll
619,7,3,2,2,7,2,2,3,6,3,2,1,7,2,1,4,rrsslll_rrsssll_rrslll_rssssll
620,7,3,2,2,7,2,2,3,7,2,2,3,3,1,1,1,rrsslll_rrsssll_rrsssll_rsl
621,7,3,1,3,7,2,1,4,7,3,1,3,4,1,2,1,rssslll_rssssll_rssslll_rrsl
622,7,3,1,3,7,3,1,3,7,3,1,3,5,2,1,2,rssslll_rssslll_rssslll_rssll
623,7,1,2,4,7,3,2,2,7,3,2,2,6,1,2,3,rrssssl_rrsslll_rrsslll_rrsssl
624,7,1,1,5,7,3,2,2,7,1,1,5,7,1,2,4,rsssssl_rrsslll_rsssssl_rrssssl
